timestamp,vibration_mms,temperature_c,rpm
2026-09-20 13:59:53.747986,0.525,67.8,1743.2
2026-09-20 13:59:54.747986,0.493,66.85,1748.6
2026-09-20 13:59:55.747986,0.532,65.12,1742.1
2026-09-20 13:59:56.747986,0.576,63.71,1746.9
2026-09-20 13:59:57.747986,0.488,66.4,1731.1
2026-09-20 13:59:58.747986,0.488,65.79,1752.1
2026-09-20 13:59:59.747986,0.579,66.79,1750.0
2026-09-20 14:00:00.747986,0.538,66.27,1741.8
2026-09-20 14:00:01.747986,0.477,67.1,1756.6
2026-09-20 14:00:02.747986,0.527,63.93,1759.4
2026-09-20 14:00:03.747986,0.477,67.63,1733.9
2026-09-20 14:00:04.747986,0.477,65.4,1742.4
2026-09-20 14:00:05.747986,0.512,69.15,1742.3
2026-09-20 14:00:06.747986,0.404,63.62,1740.6
2026-09-20 14:00:07.747986,0.414,68.47,1758.3
2026-09-20 14:00:08.747986,0.472,65.4,1748.1
2026-09-20 14:00:09.747986,0.449,63.7,1747.4
2026-09-20 14:00:10.747986,0.516,64.03,1730.0
2026-09-20 14:00:11.747986,0.455,64.36,1756.4
2026-09-20 14:00:12.747986,0.429,65.85,1737.6
2026-09-20 14:00:13.747986,0.573,66.05,1750.6
2026-09-20 14:00:14.747986,0.489,63.85,1752.8
2026-09-20 14:00:15.747986,0.503,64.95,1763.6
2026-09-20 14:00:16.747986,0.429,69.28,1736.9
2026-09-20 14:00:17.747986,0.473,68.46,1719.8
2026-09-20 14:00:18.747986,0.506,65.87,1751.8
2026-09-20 14:00:19.747986,0.442,65.08,1768.0
2026-09-20 14:00:20.747986,0.519,65.24,1762.4
2026-09-20 14:00:21.747986,0.47,66.23,1752.1
2026-09-20 14:00:22.747986,0.485,62.95,1745.1
2026-09-20 14:00:23.747986,0.47,64.49,1758.1
2026-09-20 14:00:24.747986,0.593,61.66,1740.3
2026-09-20 14:00:25.747986,0.499,65.8,1754.8
2026-09-20 14:00:26.747986,0.447,66.29,1755.1
2026-09-20 14:00:27.747986,0.541,64.03,1760.6
2026-09-20 14:00:28.747986,0.439,68.15,1777.6
2026-09-20 14:00:29.747986,0.51,62.55,1753.9
2026-09-20 14:00:30.747986,0.402,62.07,1744.9
2026-09-20 14:00:31.747986,0.434,65.45,1749.7
2026-09-20 14:00:32.747986,0.51,67.09,1732.3
2026-09-20 14:00:33.747986,0.537,68.37,1743.1
2026-09-20 14:00:34.747986,0.509,64.08,1745.9
2026-09-20 14:00:35.747986,0.494,67.16,1744.8
2026-09-20 14:00:36.747986,0.485,64.92,1751.5
2026-09-20 14:00:37.747986,0.426,64.65,1741.8
2026-09-20 14:00:38.747986,0.464,66.77,1761.2
2026-09-20 14:00:39.747986,0.477,66.3,1750.0
2026-09-20 14:00:40.747986,0.553,61.85,1749.9
2026-09-20 14:00:41.747986,0.517,67.95,1746.7
2026-09-20 14:00:42.747986,0.412,67.76,1751.6
2026-09-20 14:00:43.747986,0.516,63.75,1758.3
2026-09-20 14:00:44.747986,0.481,65.79,1741.3
2026-09-20 14:00:45.747986,0.466,65.99,1743.4
2026-09-20 14:00:46.747986,0.531,65.52,1747.0
2026-09-20 14:00:47.747986,0.552,63.9,1736.5
2026-09-20 14:00:48.747986,0.547,63.66,1741.8
2026-09-20 14:00:49.747986,0.458,64.95,1745.2
2026-09-20 14:00:50.747986,0.485,67.35,1758.7
2026-09-20 14:00:51.747986,0.517,66.09,1752.6
2026-09-20 14:00:52.747986,0.549,64.26,1751.9
2026-09-20 14:00:53.747986,0.476,66.54,1758.5
2026-09-20 14:00:54.747986,0.491,59.3,1748.6
2026-09-20 14:00:55.747986,0.445,67.3,1753.9
2026-09-20 14:00:56.747986,0.44,61.52,1749.0
2026-09-20 14:00:57.747986,0.541,64.28,1752.7
2026-09-20 14:00:58.747986,0.568,62.76,1744.2
2026-09-20 14:00:59.747986,0.496,62.41,1725.6
2026-09-20 14:01:00.747986,0.55,67.32,1748.7
2026-09-20 14:01:01.747986,0.518,64.06,1764.2
2026-09-20 14:01:02.747986,0.468,65.69,1759.3
2026-09-20 14:01:03.747986,0.518,64.91,1759.7
2026-09-20 14:01:04.747986,0.577,65.95,1762.4
2026-09-20 14:01:05.747986,0.498,65.15,1750.9
2026-09-20 14:01:06.747986,0.578,62.43,1752.0
2026-09-20 14:01:07.747986,0.369,66.99,1743.8
2026-09-20 14:01:08.747986,0.541,64.01,1746.8
2026-09-20 14:01:09.747986,0.504,61.89,1756.2
2026-09-20 14:01:10.747986,0.485,64.14,1762.0
2026-09-20 14:01:11.747986,0.505,68.0,1748.6
2026-09-20 14:01:12.747986,0.401,66.7,1745.5
2026-09-20 14:01:13.747986,0.489,64.3,1750.0
2026-09-20 14:01:14.747986,0.518,64.3,1756.0
2026-09-20 14:01:15.747986,0.574,64.36,1735.6
2026-09-20 14:01:16.747986,0.474,69.15,1727.0
2026-09-20 14:01:17.747986,0.46,65.76,1744.5
2026-09-20 14:01:18.747986,0.475,65.86,1737.8
2026-09-20 14:01:19.747986,0.546,67.06,1744.9
2026-09-20 14:01:20.747986,0.516,65.48,1748.5
2026-09-20 14:01:21.747986,0.474,64.48,1745.5
2026-09-20 14:01:22.747986,0.526,64.61,1764.5
2026-09-20 14:01:23.747986,0.505,64.86,1753.3
2026-09-20 14:01:24.747986,0.548,64.93,1753.0
2026-09-20 14:01:25.747986,0.465,66.46,1756.2
2026-09-20 14:01:26.747986,0.484,65.1,1738.6
2026-09-20 14:01:27.747986,0.48,66.47,1760.4
2026-09-20 14:01:28.747986,0.427,64.84,1749.2
2026-09-20 14:01:29.747986,0.515,65.16,1756.7
2026-09-20 14:01:30.747986,0.513,61.0,1739.3
2026-09-20 14:01:31.747986,0.5,66.83,1734.5
2026-09-20 14:01:32.747986,0.488,65.69,1758.2
2026-09-20 14:01:33.747986,0.429,67.0,1753.8
2026-09-20 14:01:34.747986,0.479,59.21,1741.0
2026-09-20 14:01:35.747986,0.483,69.18,1741.3
2026-09-20 14:01:36.747986,0.46,64.72,1761.3
2026-09-20 14:01:37.747986,0.492,67.22,1738.1
2026-09-20 14:01:38.747986,0.52,62.92,1766.4
2026-09-20 14:01:39.747986,0.594,66.23,1741.0
2026-09-20 14:01:40.747986,0.509,62.89,1756.4
2026-09-20 14:01:41.747986,0.513,63.75,1746.7
2026-09-20 14:01:42.747986,0.496,68.83,1756.0
2026-09-20 14:01:43.747986,0.404,64.62,1744.6
2026-09-20 14:01:44.747986,0.499,65.43,1748.4
2026-09-20 14:01:45.747986,0.503,66.74,1750.4
2026-09-20 14:01:46.747986,0.623,65.99,1740.0
2026-09-20 14:01:47.747986,0.49,65.3,1757.4
2026-09-20 14:01:48.747986,0.515,65.73,1744.9
2026-09-20 14:01:49.747986,0.498,69.81,1747.7
2026-09-20 14:01:50.747986,0.442,64.88,1740.1
2026-09-20 14:01:51.747986,0.557,65.4,1724.4
2026-09-20 14:01:52.747986,0.538,67.1,1748.1
2026-09-20 14:01:53.747986,0.54,67.21,1774.1
2026-09-20 14:01:54.747986,0.455,67.37,1757.8
2026-09-20 14:01:55.747986,0.57,66.28,1749.8
2026-09-20 14:01:56.747986,0.43,62.71,1747.4
2026-09-20 14:01:57.747986,0.529,68.27,1750.2
2026-09-20 14:01:58.747986,0.61,62.71,1755.5
2026-09-20 14:01:59.747986,0.45,65.61,1738.2
2026-09-20 14:02:00.747986,0.472,63.49,1761.1
2026-09-20 14:02:01.747986,0.505,64.87,1757.2
2026-09-20 14:02:02.747986,0.475,65.66,1757.2
2026-09-20 14:02:03.747986,0.422,65.64,1754.4
2026-09-20 14:02:04.747986,0.503,65.84,1750.2
2026-09-20 14:02:05.747986,0.447,68.23,1756.7
2026-09-20 14:02:06.747986,0.524,65.91,1755.9
2026-09-20 14:02:07.747986,0.454,64.51,1746.5
2026-09-20 14:02:08.747986,0.577,66.93,1744.3
2026-09-20 14:02:09.747986,0.461,67.38,1751.0
2026-09-20 14:02:10.747986,0.484,62.54,1765.5
2026-09-20 14:02:11.747986,0.541,66.19,1737.6
2026-09-20 14:02:12.747986,0.438,66.4,1735.3
2026-09-20 14:02:13.747986,0.511,64.4,1751.6
2026-09-20 14:02:14.747986,0.565,67.75,1750.5
2026-09-20 14:02:15.747986,0.42,64.7,1751.7
2026-09-20 14:02:16.747986,0.509,65.25,1752.4
2026-09-20 14:02:17.747986,0.513,64.65,1747.8
2026-09-20 14:02:18.747986,0.539,65.03,1764.9
2026-09-20 14:02:19.747986,0.438,62.81,1734.0
2026-09-20 14:02:20.747986,0.434,62.12,1741.7
2026-09-20 14:02:21.747986,0.526,68.19,1749.0
2026-09-20 14:02:22.747986,0.515,63.31,1733.6
2026-09-20 14:02:23.747986,0.513,63.02,1748.2
2026-09-20 14:02:24.747986,0.517,60.69,1766.6
2026-09-20 14:02:25.747986,0.466,63.72,1750.2
2026-09-20 14:02:26.747986,0.512,62.35,1752.3
2026-09-20 14:02:27.747986,0.515,68.28,1737.4
2026-09-20 14:02:28.747986,0.464,67.02,1743.8
2026-09-20 14:02:29.747986,0.593,63.62,1746.2
2026-09-20 14:02:30.747986,0.524,69.5,1746.8
2026-09-20 14:02:31.747986,0.44,66.96,1762.8
2026-09-20 14:02:32.747986,0.533,64.35,1755.6
2026-09-20 14:02:33.747986,0.451,60.0,1738.9
2026-09-20 14:02:34.747986,0.539,69.58,1752.5
2026-09-20 14:02:35.747986,0.558,62.22,1755.0
2026-09-20 14:02:36.747986,0.459,61.71,1761.4
2026-09-20 14:02:37.747986,0.548,67.05,1765.8
2026-09-20 14:02:38.747986,0.521,69.88,1739.8
2026-09-20 14:02:39.747986,0.541,67.77,1741.9
2026-09-20 14:02:40.747986,0.595,66.13,1737.4
2026-09-20 14:02:41.747986,0.488,66.19,1747.7
2026-09-20 14:02:42.747986,0.462,66.71,1754.7
2026-09-20 14:02:43.747986,0.456,66.52,1759.9
2026-09-20 14:02:44.747986,0.459,65.56,1749.2
2026-09-20 14:02:45.747986,0.496,65.21,1746.8
2026-09-20 14:02:46.747986,0.517,64.87,1751.5
2026-09-20 14:02:47.747986,0.514,63.49,1741.6
2026-09-20 14:02:48.747986,0.541,64.44,1770.9
2026-09-20 14:02:49.747986,0.501,61.61,1733.9
2026-09-20 14:02:50.747986,0.573,64.8,1751.8
2026-09-20 14:02:51.747986,0.487,63.02,1770.2
2026-09-20 14:02:52.747986,0.636,62.79,1750.1
2026-09-20 14:02:53.747986,0.531,65.36,1748.1
2026-09-20 14:02:54.747986,0.457,67.78,1746.4
2026-09-20 14:02:55.747986,0.446,66.84,1748.2
2026-09-20 14:02:56.747986,0.524,61.86,1763.7
2026-09-20 14:02:57.747986,0.489,63.02,1727.9
2026-09-20 14:02:58.747986,0.536,66.88,1765.3
2026-09-20 14:02:59.747986,0.524,63.04,1735.8
2026-09-20 14:03:00.747986,0.496,64.55,1747.3
2026-09-20 14:03:01.747986,0.458,66.1,1745.7
2026-09-20 14:03:02.747986,0.424,63.06,1755.9
2026-09-20 14:03:03.747986,0.478,65.21,1734.0
2026-09-20 14:03:04.747986,0.543,62.33,1754.6
2026-09-20 14:03:05.747986,0.511,63.8,1770.2
2026-09-20 14:03:06.747986,0.438,65.64,1736.4
2026-09-20 14:03:07.747986,0.509,61.81,1751.9
2026-09-20 14:03:08.747986,0.519,65.88,1743.4
2026-09-20 14:03:09.747986,0.456,64.96,1754.3
2026-09-20 14:03:10.747986,0.508,66.1,1750.2
2026-09-20 14:03:11.747986,0.503,65.45,1743.6
2026-09-20 14:03:12.747986,0.443,67.73,1754.9
2026-09-20 14:03:13.747986,0.518,65.25,1768.0
2026-09-20 14:03:14.747986,0.528,64.14,1748.1
2026-09-20 14:03:15.747986,0.554,65.24,1757.2
2026-09-20 14:03:16.747986,0.553,66.09,1737.1
2026-09-20 14:03:17.747986,0.431,65.1,1740.4
2026-09-20 14:03:18.747986,0.453,65.08,1754.7
2026-09-20 14:03:19.747986,0.526,63.6,1764.8
2026-09-20 14:03:20.747986,0.526,63.67,1753.6
2026-09-20 14:03:21.747986,0.526,62.19,1746.9
2026-09-20 14:03:22.747986,0.693,68.5,1750.0
2026-09-20 14:03:23.747986,0.529,62.51,1737.5
2026-09-20 14:03:24.747986,0.557,63.61,1756.0
2026-09-20 14:03:25.747986,0.548,63.56,1758.8
2026-09-20 14:03:26.747986,0.533,66.79,1745.5
2026-09-20 14:03:27.747986,0.484,64.41,1745.3
2026-09-20 14:03:28.747986,0.538,67.5,1752.7
2026-09-20 14:03:29.747986,0.461,63.65,1745.6
2026-09-20 14:03:30.747986,0.488,65.56,1749.3
2026-09-20 14:03:31.747986,0.476,63.33,1771.0
2026-09-20 14:03:32.747986,0.504,69.29,1747.5
2026-09-20 14:03:33.747986,0.616,62.62,1746.4
2026-09-20 14:03:34.747986,0.407,65.62,1743.5
2026-09-20 14:03:35.747986,0.534,66.27,1757.4
2026-09-20 14:03:36.747986,0.419,65.83,1748.2
2026-09-20 14:03:37.747986,0.476,64.63,1743.5
2026-09-20 14:03:38.747986,0.554,64.74,1763.2
2026-09-20 14:03:39.747986,0.503,65.09,1764.2
2026-09-20 14:03:40.747986,0.446,64.71,1744.0
2026-09-20 14:03:41.747986,0.464,66.93,1731.3
2026-09-20 14:03:42.747986,0.534,69.42,1760.1
2026-09-20 14:03:43.747986,0.463,63.89,1743.2
2026-09-20 14:03:44.747986,0.511,62.26,1757.9
2026-09-20 14:03:45.747986,0.502,64.82,1730.3
2026-09-20 14:03:46.747986,0.467,70.16,1758.9
2026-09-20 14:03:47.747986,0.607,63.39,1737.9
2026-09-20 14:03:48.747986,0.532,68.28,1757.3
2026-09-20 14:03:49.747986,0.399,68.36,1750.1
2026-09-20 14:03:50.747986,0.509,63.89,1740.5
2026-09-20 14:03:51.747986,0.467,66.14,1745.9
2026-09-20 14:03:52.747986,0.543,68.26,1756.9
2026-09-20 14:03:53.747986,0.46,64.24,1751.1
2026-09-20 14:03:54.747986,0.494,64.59,1755.8
2026-09-20 14:03:55.747986,0.525,63.84,1769.8
2026-09-20 14:03:56.747986,0.543,62.97,1734.4
2026-09-20 14:03:57.747986,0.44,63.7,1766.2
2026-09-20 14:03:58.747986,0.483,62.55,1751.0
2026-09-20 14:03:59.747986,0.476,65.07,1741.0
2026-09-20 14:04:00.747986,0.467,63.46,1736.7
2026-09-20 14:04:01.747986,0.588,65.47,1748.1
2026-09-20 14:04:02.747986,0.52,61.89,1759.2
2026-09-20 14:04:03.747986,0.437,65.66,1748.7
2026-09-20 14:04:04.747986,0.546,66.67,1765.1
2026-09-20 14:04:05.747986,0.606,61.01,1735.5
2026-09-20 14:04:06.747986,0.552,65.75,1749.9
2026-09-20 14:04:07.747986,0.424,67.46,1737.5
2026-09-20 14:04:08.747986,0.476,62.58,1753.6
2026-09-20 14:04:09.747986,0.563,68.35,1758.9
2026-09-20 14:04:10.747986,0.465,65.84,1745.8
2026-09-20 14:04:11.747986,0.522,63.59,1724.0
2026-09-20 14:04:12.747986,0.539,64.89,1752.0
2026-09-20 14:04:13.747986,0.454,66.12,1754.4
2026-09-20 14:04:14.747986,0.497,65.15,1754.0
2026-09-20 14:04:15.747986,0.338,66.08,1762.4
2026-09-20 14:04:16.747986,0.449,63.16,1739.3
2026-09-20 14:04:17.747986,0.487,65.34,1756.8
2026-09-20 14:04:18.747986,0.438,62.17,1761.9
2026-09-20 14:04:19.747986,0.582,64.78,1732.2
2026-09-20 14:04:20.747986,0.428,63.19,1753.2
2026-09-20 14:04:21.747986,0.478,63.53,1745.0
2026-09-20 14:04:22.747986,0.507,67.47,1749.2
2026-09-20 14:04:23.747986,0.572,67.18,1753.5
2026-09-20 14:04:24.747986,0.428,66.22,1745.1
2026-09-20 14:04:25.747986,0.558,62.82,1743.2
2026-09-20 14:04:26.747986,0.501,64.37,1750.3
2026-09-20 14:04:27.747986,0.451,67.43,1739.1
2026-09-20 14:04:28.747986,0.523,65.28,1739.1
2026-09-20 14:04:29.747986,0.51,69.64,1756.8
2026-09-20 14:04:30.747986,0.47,65.79,1738.5
2026-09-20 14:04:31.747986,0.503,65.38,1756.7
2026-09-20 14:04:32.747986,0.481,64.38,1754.6
2026-09-20 14:04:33.747986,0.506,65.27,1732.7
2026-09-20 14:04:34.747986,0.533,64.7,1743.2
2026-09-20 14:04:35.747986,0.579,66.42,1761.9
2026-09-20 14:04:36.747986,0.438,66.91,1740.2
2026-09-20 14:04:37.747986,0.607,63.43,1745.4
2026-09-20 14:04:38.747986,0.402,62.34,1754.6
2026-09-20 14:04:39.747986,0.492,61.33,1757.8
2026-09-20 14:04:40.747986,0.529,66.02,1747.5
2026-09-20 14:04:41.747986,0.514,62.79,1744.0
2026-09-20 14:04:42.747986,0.469,60.69,1764.2
2026-09-20 14:04:43.747986,0.49,65.78,1767.4
2026-09-20 14:04:44.747986,0.475,69.99,1759.8
2026-09-20 14:04:45.747986,0.471,64.99,1750.9
2026-09-20 14:04:46.747986,0.542,66.68,1741.9
2026-09-20 14:04:47.747986,0.518,65.16,1741.7
2026-09-20 14:04:48.747986,0.465,64.8,1755.2
2026-09-20 14:04:49.747986,0.545,66.84,1754.2
2026-09-20 14:04:50.747986,0.515,64.42,1764.0
2026-09-20 14:04:51.747986,0.541,65.53,1756.5
2026-09-20 14:04:52.747986,0.531,65.64,1735.0
2026-09-20 14:04:53.747986,0.459,63.66,1760.5
2026-09-20 14:04:54.747986,0.472,66.98,1740.0
2026-09-20 14:04:55.747986,0.537,64.65,1746.2
2026-09-20 14:04:56.747986,0.531,63.49,1752.5
2026-09-20 14:04:57.747986,0.499,66.07,1770.0
2026-09-20 14:04:58.747986,0.506,63.2,1781.1
2026-09-20 14:04:59.747986,0.564,65.06,1756.1
2026-09-20 14:05:00.747986,0.47,64.98,1748.2
2026-09-20 14:05:01.747986,0.527,67.17,1755.3
2026-09-20 14:05:02.747986,0.49,65.95,1758.9
2026-09-20 14:05:03.747986,0.489,64.95,1746.8
2026-09-20 14:05:04.747986,0.555,66.64,1768.0
2026-09-20 14:05:05.747986,0.541,67.78,1752.3
2026-09-20 14:05:06.747986,0.541,66.12,1755.0
2026-09-20 14:05:07.747986,0.565,65.02,1756.7
2026-09-20 14:05:08.747986,0.501,62.38,1754.2
2026-09-20 14:05:09.747986,0.534,62.87,1758.4
2026-09-20 14:05:10.747986,0.484,64.39,1743.8
2026-09-20 14:05:11.747986,0.516,63.78,1744.4
2026-09-20 14:05:12.747986,0.493,64.63,1739.0
2026-09-20 14:05:13.747986,0.505,65.11,1754.4
2026-09-20 14:05:14.747986,0.53,66.06,1757.8
2026-09-20 14:05:15.747986,0.459,64.86,1754.6
2026-09-20 14:05:16.747986,0.605,65.97,1766.7
2026-09-20 14:05:17.747986,0.45,65.13,1749.9
2026-09-20 14:05:18.747986,0.439,61.05,1756.7
2026-09-20 14:05:19.747986,0.558,63.12,1739.1
2026-09-20 14:05:20.747986,0.54,64.71,1746.1
2026-09-20 14:05:21.747986,0.531,62.58,1757.0
2026-09-20 14:05:22.747986,0.531,66.2,1758.5
2026-09-20 14:05:23.747986,0.499,68.06,1747.1
2026-09-20 14:05:24.747986,0.455,67.44,1749.3
2026-09-20 14:05:25.747986,0.504,64.57,1734.8
2026-09-20 14:05:26.747986,0.466,67.98,1746.4
2026-09-20 14:05:27.747986,0.549,65.3,1758.9
2026-09-20 14:05:28.747986,0.493,64.33,1755.8
2026-09-20 14:05:29.747986,0.459,63.77,1755.0
2026-09-20 14:05:30.747986,0.484,64.4,1750.5
2026-09-20 14:05:31.747986,0.521,64.22,1750.1
2026-09-20 14:05:32.747986,0.472,65.34,1743.4
2026-09-20 14:05:33.747986,0.459,65.32,1757.0
2026-09-20 14:05:34.747986,0.512,65.01,1754.2
2026-09-20 14:05:35.747986,0.512,65.87,1754.9
2026-09-20 14:05:36.747986,0.475,67.38,1744.7
2026-09-20 14:05:37.747986,0.476,66.9,1728.5
2026-09-20 14:05:38.747986,0.512,62.03,1761.0
2026-09-20 14:05:39.747986,0.428,59.89,1745.2
2026-09-20 14:05:40.747986,0.43,66.87,1741.4
2026-09-20 14:05:41.747986,0.464,62.27,1756.9
2026-09-20 14:05:42.747986,0.489,64.55,1746.1
2026-09-20 14:05:43.747986,0.516,62.66,1760.6
2026-09-20 14:05:44.747986,0.574,61.4,1756.2
2026-09-20 14:05:45.747986,0.543,66.08,1756.8
2026-09-20 14:05:46.747986,0.492,66.52,1736.3
2026-09-20 14:05:47.747986,0.499,63.85,1762.1
2026-09-20 14:05:48.747986,0.45,59.82,1752.6
2026-09-20 14:05:49.747986,0.499,63.91,1746.3
2026-09-20 14:05:50.747986,0.486,65.78,1751.4
2026-09-20 14:05:51.747986,0.516,62.04,1732.2
2026-09-20 14:05:52.747986,0.459,65.37,1754.1
2026-09-20 14:05:53.747986,0.526,64.97,1739.7
2026-09-20 14:05:54.747986,0.577,66.16,1736.5
2026-09-20 14:05:55.747986,0.495,65.24,1734.8
2026-09-20 14:05:56.747986,0.52,63.05,1761.1
2026-09-20 14:05:57.747986,0.535,67.39,1743.7
2026-09-20 14:05:58.747986,0.48,64.68,1765.3
2026-09-20 14:05:59.747986,0.511,64.95,1744.6
2026-09-20 14:06:00.747986,0.501,63.13,1732.9
2026-09-20 14:06:01.747986,0.505,64.11,1738.8
2026-09-20 14:06:02.747986,0.461,63.23,1762.4
2026-09-20 14:06:03.747986,0.501,64.65,1748.4
2026-09-20 14:06:04.747986,0.525,68.42,1744.5
2026-09-20 14:06:05.747986,0.573,62.26,1751.6
2026-09-20 14:06:06.747986,0.548,61.77,1755.0
2026-09-20 14:06:07.747986,0.608,67.94,1761.2
2026-09-20 14:06:08.747986,0.462,64.58,1764.5
2026-09-20 14:06:09.747986,0.544,63.66,1746.4
2026-09-20 14:06:10.747986,0.509,67.08,1736.7
2026-09-20 14:06:11.747986,0.609,63.79,1745.9
2026-09-20 14:06:12.747986,0.46,68.65,1752.6
2026-09-20 14:06:13.747986,0.458,66.36,1740.4
2026-09-20 14:06:14.747986,0.47,64.02,1740.4
2026-09-20 14:06:15.747986,0.394,69.31,1753.4
2026-09-20 14:06:16.747986,0.474,63.79,1749.5
2026-09-20 14:06:17.747986,0.462,66.48,1750.3
2026-09-20 14:06:18.747986,0.508,65.6,1742.4
2026-09-20 14:06:19.747986,0.517,67.6,1747.7
2026-09-20 14:06:20.747986,0.594,68.12,1740.8
2026-09-20 14:06:21.747986,0.548,65.06,1758.9
2026-09-20 14:06:22.747986,0.471,63.49,1760.4
2026-09-20 14:06:23.747986,0.455,65.92,1731.5
2026-09-20 14:06:24.747986,0.525,63.64,1740.7
2026-09-20 14:06:25.747986,0.434,69.03,1735.0
2026-09-20 14:06:26.747986,0.592,65.27,1743.5
2026-09-20 14:06:27.747986,0.559,64.27,1749.2
2026-09-20 14:06:28.747986,0.477,65.37,1735.5
2026-09-20 14:06:29.747986,0.414,62.31,1740.8
2026-09-20 14:06:30.747986,0.568,63.06,1740.0
2026-09-20 14:06:31.747986,0.494,67.4,1752.1
2026-09-20 14:06:32.747986,0.562,63.69,1750.7
2026-09-20 14:06:33.747986,0.42,62.91,1742.8
2026-09-20 14:06:34.747986,0.47,66.07,1751.8
2026-09-20 14:06:35.747986,0.5,67.37,1744.5
2026-09-20 14:06:36.747986,0.502,66.44,1747.3
2026-09-20 14:06:37.747986,0.477,66.99,1766.7
2026-09-20 14:06:38.747986,0.531,63.49,1763.4
2026-09-20 14:06:39.747986,0.447,62.16,1737.0
2026-09-20 14:06:40.747986,0.493,68.0,1758.3
2026-09-20 14:06:41.747986,0.506,64.35,1758.1
2026-09-20 14:06:42.747986,0.526,64.5,1738.5
2026-09-20 14:06:43.747986,0.536,67.66,1758.2
2026-09-20 14:06:44.747986,0.444,66.11,1765.4
2026-09-20 14:06:45.747986,0.423,65.91,1738.8
2026-09-20 14:06:46.747986,0.564,69.33,1740.8
2026-09-20 14:06:47.747986,0.517,63.71,1760.2
2026-09-20 14:06:48.747986,0.463,66.86,1752.7
2026-09-20 14:06:49.747986,0.578,65.11,1755.5
2026-09-20 14:06:50.747986,0.506,65.54,1753.4
2026-09-20 14:06:51.747986,0.559,68.06,1753.9
2026-09-20 14:06:52.747986,0.503,66.02,1736.7
2026-09-20 14:06:53.747986,0.603,66.08,1760.5
2026-09-20 14:06:54.747986,0.588,67.15,1761.7
2026-09-20 14:06:55.747986,0.488,64.27,1747.7
2026-09-20 14:06:56.747986,0.549,63.32,1749.6
2026-09-20 14:06:57.747986,0.532,62.91,1734.7
2026-09-20 14:06:58.747986,0.568,61.07,1755.1
2026-09-20 14:06:59.747986,0.452,69.11,1755.7
2026-09-20 14:07:00.747986,0.534,62.79,1749.4
2026-09-20 14:07:01.747986,0.553,64.56,1761.2
2026-09-20 14:07:02.747986,0.412,64.45,1746.7
2026-09-20 14:07:03.747986,0.441,65.61,1755.6
2026-09-20 14:07:04.747986,0.398,66.63,1739.8
2026-09-20 14:07:05.747986,0.487,66.72,1749.8
2026-09-20 14:07:06.747986,0.536,63.83,1748.3
2026-09-20 14:07:07.747986,0.575,64.67,1752.3
2026-09-20 14:07:08.747986,0.504,65.57,1746.3
2026-09-20 14:07:09.747986,0.581,64.5,1748.7
2026-09-20 14:07:10.747986,0.431,68.21,1758.3
2026-09-20 14:07:11.747986,0.415,65.98,1745.6
2026-09-20 14:07:12.747986,0.497,66.47,1733.9
2026-09-20 14:07:13.747986,0.519,66.33,1767.5
2026-09-20 14:07:14.747986,0.498,67.35,1763.8
2026-09-20 14:07:15.747986,0.397,65.36,1737.1
2026-09-20 14:07:16.747986,0.496,62.41,1756.9
2026-09-20 14:07:17.747986,0.435,65.8,1745.0
2026-09-20 14:07:18.747986,0.533,63.7,1752.6
2026-09-20 14:07:19.747986,0.518,63.94,1752.9
2026-09-20 14:07:20.747986,0.453,66.17,1747.7
2026-09-20 14:07:21.747986,0.474,67.48,1742.2
2026-09-20 14:07:22.747986,0.447,65.04,1743.1
2026-09-20 14:07:23.747986,0.497,65.62,1740.8
2026-09-20 14:07:24.747986,0.548,68.4,1741.7
2026-09-20 14:07:25.747986,0.451,65.48,1749.3
2026-09-20 14:07:26.747986,0.525,70.2,1742.8
2026-09-20 14:07:27.747986,0.473,66.13,1756.8
2026-09-20 14:07:28.747986,0.46,61.48,1764.9
2026-09-20 14:07:29.747986,0.495,66.51,1744.2
2026-09-20 14:07:30.747986,0.448,65.76,1752.4
2026-09-20 14:07:31.747986,0.472,67.58,1755.0
2026-09-20 14:07:32.747986,0.44,66.35,1754.7
2026-09-20 14:07:33.747986,0.598,64.72,1750.8
2026-09-20 14:07:34.747986,0.502,62.55,1757.4
2026-09-20 14:07:35.747986,0.465,64.58,1754.8
2026-09-20 14:07:36.747986,0.511,63.3,1737.6
2026-09-20 14:07:37.747986,0.494,63.84,1758.7
2026-09-20 14:07:38.747986,0.489,66.18,1758.9
2026-09-20 14:07:39.747986,0.531,68.34,1742.4
2026-09-20 14:07:40.747986,0.538,65.79,1750.4
2026-09-20 14:07:41.747986,0.473,62.61,1756.8
2026-09-20 14:07:42.747986,0.471,65.89,1747.9
2026-09-20 14:07:43.747986,0.486,67.39,1760.7
2026-09-20 14:07:44.747986,0.385,63.78,1773.6
2026-09-20 14:07:45.747986,0.424,64.73,1742.1
2026-09-20 14:07:46.747986,0.568,65.03,1736.2
2026-09-20 14:07:47.747986,0.582,63.43,1753.0
2026-09-20 14:07:48.747986,0.488,66.3,1757.2
2026-09-20 14:07:49.747986,0.529,64.76,1747.7
2026-09-20 14:07:50.747986,0.516,65.84,1764.5
2026-09-20 14:07:51.747986,0.654,63.23,1736.6
2026-09-20 14:07:52.747986,0.556,64.13,1756.9
2026-09-20 14:07:53.747986,0.494,66.44,1743.9
2026-09-20 14:07:54.747986,0.452,64.25,1767.2
2026-09-20 14:07:55.747986,0.42,68.45,1769.9
2026-09-20 14:07:56.747986,0.51,64.2,1742.3
2026-09-20 14:07:57.747986,0.462,65.45,1744.5
2026-09-20 14:07:58.747986,0.429,66.87,1758.6
2026-09-20 14:07:59.747986,0.468,62.16,1746.1
2026-09-20 14:08:00.747986,0.446,61.48,1749.5
2026-09-20 14:08:01.747986,0.584,61.95,1750.3
2026-09-20 14:08:02.747986,0.544,67.53,1730.8
2026-09-20 14:08:03.747986,0.5,63.9,1749.9
2026-09-20 14:08:04.747986,0.574,70.12,1743.1
2026-09-20 14:08:05.747986,0.504,63.87,1745.1
2026-09-20 14:08:06.747986,0.457,65.37,1764.4
2026-09-20 14:08:07.747986,0.576,68.08,1737.4
2026-09-20 14:08:08.747986,0.527,69.01,1758.1
2026-09-20 14:08:09.747986,0.448,69.12,1747.2
2026-09-20 14:08:10.747986,0.49,67.42,1747.2
2026-09-20 14:08:11.747986,0.456,67.05,1757.9
2026-09-20 14:08:12.747986,0.431,66.19,1753.4
2026-09-20 14:08:13.747986,0.546,66.56,1755.7
2026-09-20 14:08:14.747986,0.595,63.9,1759.7
2026-09-20 14:08:15.747986,0.43,63.36,1746.7
2026-09-20 14:08:16.747986,0.528,64.99,1743.9
2026-09-20 14:08:17.747986,0.467,64.66,1739.1
2026-09-20 14:08:18.747986,0.476,64.09,1741.7
2026-09-20 14:08:19.747986,0.47,66.39,1779.5
2026-09-20 14:08:20.747986,0.457,66.91,1762.4
2026-09-20 14:08:21.747986,0.502,65.18,1736.5
2026-09-20 14:08:22.747986,0.458,67.96,1736.8
2026-09-20 14:08:23.747986,0.514,62.72,1754.8
2026-09-20 14:08:24.747986,0.497,64.61,1755.5
2026-09-20 14:08:25.747986,0.488,63.57,1755.5
2026-09-20 14:08:26.747986,0.455,61.27,1747.5
2026-09-20 14:08:27.747986,0.471,64.83,1748.7
2026-09-20 14:08:28.747986,0.538,64.76,1753.3
2026-09-20 14:08:29.747986,0.525,68.03,1750.9
2026-09-20 14:08:30.747986,0.451,66.26,1727.8
2026-09-20 14:08:31.747986,0.505,62.95,1747.7
2026-09-20 14:08:32.747986,0.538,68.71,1741.5
2026-09-20 14:08:33.747986,0.417,67.44,1751.8
2026-09-20 14:08:34.747986,0.527,66.16,1779.9
2026-09-20 14:08:35.747986,0.467,64.55,1753.7
2026-09-20 14:08:36.747986,0.529,63.08,1746.9
2026-09-20 14:08:37.747986,0.462,64.26,1759.2
2026-09-20 14:08:38.747986,0.41,67.18,1754.8
2026-09-20 14:08:39.747986,0.419,68.77,1754.2
2026-09-20 14:08:40.747986,0.502,68.09,1756.1
2026-09-20 14:08:41.747986,0.513,64.02,1770.6
2026-09-20 14:08:42.747986,0.455,62.76,1738.7
2026-09-20 14:08:43.747986,0.532,65.28,1754.7
2026-09-20 14:08:44.747986,0.417,61.46,1740.7
2026-09-20 14:08:45.747986,0.497,65.65,1755.6
2026-09-20 14:08:46.747986,0.439,64.7,1740.8
2026-09-20 14:08:47.747986,0.467,64.07,1745.8
2026-09-20 14:08:48.747986,0.502,61.81,1747.0
2026-09-20 14:08:49.747986,0.457,66.03,1759.8
2026-09-20 14:08:50.747986,0.481,63.93,1759.2
2026-09-20 14:08:51.747986,0.55,62.66,1737.5
2026-09-20 14:08:52.747986,0.471,59.26,1750.5
2026-09-20 14:08:53.747986,0.542,64.94,1742.9
2026-09-20 14:08:54.747986,0.444,68.54,1737.4
2026-09-20 14:08:55.747986,0.526,68.32,1747.8
2026-09-20 14:08:56.747986,0.572,64.09,1746.9
2026-09-20 14:08:57.747986,0.376,63.8,1774.3
2026-09-20 14:08:58.747986,0.46,65.94,1754.3
2026-09-20 14:08:59.747986,0.529,63.0,1736.2
2026-09-20 14:09:00.747986,0.49,65.6,1744.4
2026-09-20 14:09:01.747986,0.519,66.53,1760.2
2026-09-20 14:09:02.747986,0.47,67.45,1770.9
2026-09-20 14:09:03.747986,0.504,64.8,1734.1
2026-09-20 14:09:04.747986,0.492,64.59,1731.2
2026-09-20 14:09:05.747986,0.558,63.24,1768.7
2026-09-20 14:09:06.747986,0.513,63.35,1753.9
2026-09-20 14:09:07.747986,0.517,64.55,1741.3
2026-09-20 14:09:08.747986,0.479,65.73,1755.3
2026-09-20 14:09:09.747986,0.476,66.83,1723.6
2026-09-20 14:09:10.747986,0.478,63.39,1750.0
2026-09-20 14:09:11.747986,0.52,67.99,1753.3
2026-09-20 14:09:12.747986,0.479,64.46,1759.2
2026-09-20 14:09:13.747986,0.514,64.96,1739.9
2026-09-20 14:09:14.747986,0.604,63.51,1750.9
2026-09-20 14:09:15.747986,0.544,60.15,1740.7
2026-09-20 14:09:16.747986,0.484,66.77,1752.6
2026-09-20 14:09:17.747986,0.56,66.47,1741.0
2026-09-20 14:09:18.747986,0.48,64.44,1745.9
2026-09-20 14:09:19.747986,0.398,65.13,1740.0
2026-09-20 14:09:20.747986,0.45,66.03,1756.5
2026-09-20 14:09:21.747986,0.406,61.87,1758.6
2026-09-20 14:09:22.747986,0.482,63.94,1747.7
2026-09-20 14:09:23.747986,0.501,66.59,1750.4
2026-09-20 14:09:24.747986,0.584,62.49,1735.5
2026-09-20 14:09:25.747986,0.516,65.59,1747.0
2026-09-20 14:09:26.747986,0.489,62.29,1749.5
2026-09-20 14:09:27.747986,0.541,65.93,1776.2
2026-09-20 14:09:28.747986,0.389,64.93,1738.9
2026-09-20 14:09:29.747986,0.512,61.77,1764.6
2026-09-20 14:09:30.747986,0.539,67.33,1760.0
2026-09-20 14:09:31.747986,0.426,63.53,1752.8
2026-09-20 14:09:32.747986,0.557,63.38,1767.6
2026-09-20 14:09:33.747986,0.517,65.4,1753.7
2026-09-20 14:09:34.747986,0.479,67.3,1753.9
2026-09-20 14:09:35.747986,0.532,62.97,1749.5
2026-09-20 14:09:36.747986,0.614,65.12,1762.2
2026-09-20 14:09:37.747986,0.509,65.86,1761.0
2026-09-20 14:09:38.747986,0.512,66.39,1743.7
2026-09-20 14:09:39.747986,0.477,65.35,1736.8
2026-09-20 14:09:40.747986,0.458,64.27,1748.0
2026-09-20 14:09:41.747986,0.542,63.34,1742.0
2026-09-20 14:09:42.747986,0.457,65.17,1749.4
2026-09-20 14:09:43.747986,0.504,62.86,1762.4
2026-09-20 14:09:44.747986,0.476,59.16,1745.4
2026-09-20 14:09:45.747986,0.524,65.87,1749.6
2026-09-20 14:09:46.747986,0.517,66.81,1750.6
2026-09-20 14:09:47.747986,0.552,60.27,1758.5
2026-09-20 14:09:48.747986,0.474,62.98,1727.5
2026-09-20 14:09:49.747986,0.487,66.24,1743.9
2026-09-20 14:09:50.747986,0.451,69.11,1752.1
2026-09-20 14:09:51.747986,0.478,65.04,1762.0
2026-09-20 14:09:52.747986,0.519,63.54,1745.1
2026-09-20 14:09:53.747986,0.538,64.63,1731.2
2026-09-20 14:09:54.747986,0.454,67.75,1756.2
2026-09-20 14:09:55.747986,0.543,63.71,1743.6
2026-09-20 14:09:56.747986,0.568,63.4,1738.1
2026-09-20 14:09:57.747986,0.521,64.03,1743.8
2026-09-20 14:09:58.747986,0.594,63.09,1748.2
2026-09-20 14:09:59.747986,0.461,65.25,1744.0
2026-09-20 14:10:00.747986,0.438,68.25,1727.9
2026-09-20 14:10:01.747986,0.411,65.65,1759.0
2026-09-20 14:10:02.747986,0.575,64.5,1762.7
2026-09-20 14:10:03.747986,0.533,64.42,1756.5
2026-09-20 14:10:04.747986,0.497,61.87,1738.6
2026-09-20 14:10:05.747986,0.514,66.77,1748.0
2026-09-20 14:10:06.747986,0.444,64.84,1749.9
2026-09-20 14:10:07.747986,0.622,64.64,1756.0
2026-09-20 14:10:08.747986,0.506,71.39,1756.7
2026-09-20 14:10:09.747986,0.505,65.6,1742.7
2026-09-20 14:10:10.747986,0.536,63.5,1750.8
2026-09-20 14:10:11.747986,0.524,64.15,1754.6
2026-09-20 14:10:12.747986,0.511,67.3,1764.6
2026-09-20 14:10:13.747986,0.46,65.23,1757.0
2026-09-20 14:10:14.747986,0.524,62.12,1757.9
2026-09-20 14:10:15.747986,0.594,66.84,1750.8
2026-09-20 14:10:16.747986,0.567,63.66,1764.1
2026-09-20 14:10:17.747986,0.58,68.75,1754.1
2026-09-20 14:10:18.747986,0.474,67.16,1741.4
2026-09-20 14:10:19.747986,0.451,64.11,1764.0
2026-09-20 14:10:20.747986,0.494,67.56,1757.0
2026-09-20 14:10:21.747986,0.503,65.14,1745.6
2026-09-20 14:10:22.747986,0.555,66.71,1745.2
2026-09-20 14:10:23.747986,0.415,65.97,1753.0
2026-09-20 14:10:24.747986,0.576,63.31,1754.6
2026-09-20 14:10:25.747986,0.492,63.71,1752.0
2026-09-20 14:10:26.747986,0.479,67.06,1753.1
2026-09-20 14:10:27.747986,0.449,64.33,1767.0
2026-09-20 14:10:28.747986,0.417,64.19,1760.7
2026-09-20 14:10:29.747986,0.541,63.09,1751.9
2026-09-20 14:10:30.747986,0.504,65.85,1759.4
2026-09-20 14:10:31.747986,0.436,69.13,1739.7
2026-09-20 14:10:32.747986,0.435,62.86,1754.0
2026-09-20 14:10:33.747986,0.483,65.05,1768.1
2026-09-20 14:10:34.747986,0.583,67.82,1747.8
2026-09-20 14:10:35.747986,0.487,64.84,1741.5
2026-09-20 14:10:36.747986,0.425,65.9,1743.5
2026-09-20 14:10:37.747986,0.488,62.88,1739.1
2026-09-20 14:10:38.747986,0.486,65.86,1742.2
2026-09-20 14:10:39.747986,0.365,64.63,1746.3
2026-09-20 14:10:40.747986,0.497,66.97,1735.9
2026-09-20 14:10:41.747986,0.488,67.37,1750.2
2026-09-20 14:10:42.747986,0.535,70.18,1759.0
2026-09-20 14:10:43.747986,0.592,66.16,1740.9
2026-09-20 14:10:44.747986,0.556,65.65,1765.2
2026-09-20 14:10:45.747986,0.487,65.39,1755.1
2026-09-20 14:10:46.747986,0.445,64.29,1760.3
2026-09-20 14:10:47.747986,0.629,65.68,1743.4
2026-09-20 14:10:48.747986,0.503,64.41,1758.5
2026-09-20 14:10:49.747986,0.501,65.34,1739.1
2026-09-20 14:10:50.747986,0.499,67.64,1758.9
2026-09-20 14:10:51.747986,0.51,62.99,1751.7
2026-09-20 14:10:52.747986,0.493,67.28,1755.5
2026-09-20 14:10:53.747986,0.471,67.63,1738.2
2026-09-20 14:10:54.747986,0.473,64.76,1741.0
2026-09-20 14:10:55.747986,0.498,60.76,1756.0
2026-09-20 14:10:56.747986,0.473,63.78,1740.5
2026-09-20 14:10:57.747986,0.464,67.59,1754.6
2026-09-20 14:10:58.747986,0.505,64.95,1736.3
2026-09-20 14:10:59.747986,0.487,63.0,1758.5
2026-09-20 14:11:00.747986,0.575,63.99,1737.7
2026-09-20 14:11:01.747986,0.367,66.68,1755.5
2026-09-20 14:11:02.747986,0.555,66.09,1756.3
2026-09-20 14:11:03.747986,0.562,64.52,1743.0
2026-09-20 14:11:04.747986,0.396,64.27,1755.8
2026-09-20 14:11:05.747986,0.483,64.22,1752.6
2026-09-20 14:11:06.747986,0.481,63.16,1744.6
2026-09-20 14:11:07.747986,0.43,68.23,1739.9
2026-09-20 14:11:08.747986,0.461,64.36,1730.4
2026-09-20 14:11:09.747986,0.444,67.43,1753.5
2026-09-20 14:11:10.747986,0.588,68.04,1734.4
2026-09-20 14:11:11.747986,0.547,67.0,1751.0
2026-09-20 14:11:12.747986,0.564,64.14,1747.4
2026-09-20 14:11:13.747986,0.536,65.81,1756.8
2026-09-20 14:11:14.747986,0.444,64.95,1747.0
2026-09-20 14:11:15.747986,0.474,63.19,1746.7
2026-09-20 14:11:16.747986,0.524,65.65,1757.3
2026-09-20 14:11:17.747986,0.439,62.64,1753.4
2026-09-20 14:11:18.747986,0.536,67.38,1753.2
2026-09-20 14:11:19.747986,0.488,64.07,1754.7
2026-09-20 14:11:20.747986,0.481,65.4,1734.6
2026-09-20 14:11:21.747986,0.536,65.57,1757.6
2026-09-20 14:11:22.747986,0.522,64.48,1756.1
2026-09-20 14:11:23.747986,0.482,66.17,1739.8
2026-09-20 14:11:24.747986,0.558,64.05,1747.6
2026-09-20 14:11:25.747986,0.446,66.74,1749.6
2026-09-20 14:11:26.747986,0.531,62.31,1748.7
2026-09-20 14:11:27.747986,0.53,65.25,1753.3
2026-09-20 14:11:28.747986,0.485,68.88,1764.3
2026-09-20 14:11:29.747986,0.516,63.0,1760.8
2026-09-20 14:11:30.747986,0.437,63.64,1736.9
2026-09-20 14:11:31.747986,0.546,66.03,1756.2
2026-09-20 14:11:32.747986,0.491,65.36,1763.3
2026-09-20 14:11:33.747986,0.474,65.7,1753.9
2026-09-20 14:11:34.747986,0.552,65.98,1760.9
2026-09-20 14:11:35.747986,0.465,66.27,1770.1
2026-09-20 14:11:36.747986,0.43,67.22,1760.2
2026-09-20 14:11:37.747986,0.422,65.82,1752.5
2026-09-20 14:11:38.747986,0.53,64.52,1760.5
2026-09-20 14:11:39.747986,0.436,66.35,1751.4
2026-09-20 14:11:40.747986,0.588,68.8,1750.2
2026-09-20 14:11:41.747986,0.396,64.73,1746.5
2026-09-20 14:11:42.747986,0.585,63.05,1765.6
2026-09-20 14:11:43.747986,0.511,67.21,1741.8
2026-09-20 14:11:44.747986,0.495,64.76,1765.3
2026-09-20 14:11:45.747986,0.473,60.65,1755.0
2026-09-20 14:11:46.747986,0.52,66.69,1736.0
2026-09-20 14:11:47.747986,0.498,63.93,1753.7
2026-09-20 14:11:48.747986,0.555,64.82,1729.0
2026-09-20 14:11:49.747986,0.506,65.66,1756.3
2026-09-20 14:11:50.747986,0.508,65.38,1758.9
2026-09-20 14:11:51.747986,0.482,66.42,1744.1
2026-09-20 14:11:52.747986,0.497,64.13,1751.2
2026-09-20 14:11:53.747986,0.515,66.03,1769.5
2026-09-20 14:11:54.747986,0.414,64.48,1744.9
2026-09-20 14:11:55.747986,0.433,66.48,1739.4
2026-09-20 14:11:56.747986,0.537,66.23,1764.8
2026-09-20 14:11:57.747986,0.509,63.13,1769.6
2026-09-20 14:11:58.747986,0.491,67.17,1750.0
2026-09-20 14:11:59.747986,0.501,63.93,1760.1
2026-09-20 14:12:00.747986,0.517,66.62,1763.4
2026-09-20 14:12:01.747986,0.473,65.73,1742.6
2026-09-20 14:12:02.747986,0.461,68.68,1745.1
2026-09-20 14:12:03.747986,0.51,64.55,1762.3
2026-09-20 14:12:04.747986,0.451,64.3,1766.9
2026-09-20 14:12:05.747986,0.52,64.96,1755.6
2026-09-20 14:12:06.747986,0.415,64.39,1741.2
2026-09-20 14:12:07.747986,0.551,66.6,1769.9
2026-09-20 14:12:08.747986,0.524,61.77,1744.7
2026-09-20 14:12:09.747986,0.513,62.89,1746.6
2026-09-20 14:12:10.747986,0.549,62.86,1753.4
2026-09-20 14:12:11.747986,0.583,66.9,1765.5
2026-09-20 14:12:12.747986,0.551,68.42,1758.5
2026-09-20 14:12:13.747986,0.408,64.79,1754.1
2026-09-20 14:12:14.747986,0.436,64.66,1754.6
2026-09-20 14:12:15.747986,0.469,65.14,1750.4
2026-09-20 14:12:16.747986,0.501,67.32,1755.6
2026-09-20 14:12:17.747986,0.526,63.15,1724.7
2026-09-20 14:12:18.747986,0.464,65.48,1747.0
2026-09-20 14:12:19.747986,0.509,66.95,1752.4
2026-09-20 14:12:20.747986,0.462,66.0,1738.5
2026-09-20 14:12:21.747986,0.469,65.38,1753.9
2026-09-20 14:12:22.747986,0.43,67.0,1748.0
2026-09-20 14:12:23.747986,0.454,59.59,1767.6
2026-09-20 14:12:24.747986,0.432,66.36,1765.7
2026-09-20 14:12:25.747986,0.451,63.69,1745.3
2026-09-20 14:12:26.747986,0.553,61.34,1748.5
2026-09-20 14:12:27.747986,0.453,66.02,1749.3
2026-09-20 14:12:28.747986,0.632,67.75,1745.5
2026-09-20 14:12:29.747986,0.525,64.73,1752.0
2026-09-20 14:12:30.747986,0.509,66.91,1742.4
2026-09-20 14:12:31.747986,0.457,68.22,1738.7
2026-09-20 14:12:32.747986,0.535,67.63,1756.2
2026-09-20 14:12:33.747986,0.471,68.28,1756.3
2026-09-20 14:12:34.747986,0.506,66.48,1742.0
2026-09-20 14:12:35.747986,0.628,65.15,1759.0
2026-09-20 14:12:36.747986,0.495,61.8,1743.7
2026-09-20 14:12:37.747986,0.557,64.51,1752.5
2026-09-20 14:12:38.747986,0.465,63.31,1758.2
2026-09-20 14:12:39.747986,0.498,69.34,1749.7
2026-09-20 14:12:40.747986,0.589,64.65,1754.5
2026-09-20 14:12:41.747986,0.469,65.25,1744.8
2026-09-20 14:12:42.747986,0.591,66.1,1748.0
2026-09-20 14:12:43.747986,0.535,65.09,1747.9
2026-09-20 14:12:44.747986,0.472,68.39,1742.5
2026-09-20 14:12:45.747986,0.532,63.75,1748.2
2026-09-20 14:12:46.747986,0.549,65.39,1734.5
2026-09-20 14:12:47.747986,0.531,63.52,1745.1
2026-09-20 14:12:48.747986,0.421,62.36,1747.2
2026-09-20 14:12:49.747986,0.464,63.78,1747.4
2026-09-20 14:12:50.747986,0.488,64.93,1747.6
2026-09-20 14:12:51.747986,0.496,64.14,1749.4
2026-09-20 14:12:52.747986,0.531,63.62,1754.8
2026-09-20 14:12:53.747986,0.509,62.19,1758.7
2026-09-20 14:12:54.747986,0.433,64.83,1743.5
2026-09-20 14:12:55.747986,0.519,61.99,1738.0
2026-09-20 14:12:56.747986,0.531,66.52,1739.6
2026-09-20 14:12:57.747986,0.528,65.16,1745.1
2026-09-20 14:12:58.747986,0.554,62.08,1746.5
2026-09-20 14:12:59.747986,0.542,64.38,1742.3
2026-09-20 14:13:00.747986,0.523,63.5,1737.0
2026-09-20 14:13:01.747986,0.496,65.64,1745.4
2026-09-20 14:13:02.747986,0.417,67.68,1751.8
2026-09-20 14:13:03.747986,0.521,61.25,1756.0
2026-09-20 14:13:04.747986,0.51,65.23,1744.4
2026-09-20 14:13:05.747986,0.514,64.68,1745.9
2026-09-20 14:13:06.747986,0.436,66.34,1740.7
2026-09-20 14:13:07.747986,0.446,65.43,1749.7
2026-09-20 14:13:08.747986,0.553,63.5,1741.5
2026-09-20 14:13:09.747986,0.498,64.36,1755.7
2026-09-20 14:13:10.747986,0.534,63.41,1732.1
2026-09-20 14:13:11.747986,0.501,67.15,1746.4
2026-09-20 14:13:12.747986,0.501,65.04,1753.0
2026-09-20 14:13:13.747986,0.356,68.89,1751.8
2026-09-20 14:13:14.747986,0.401,65.19,1776.9
2026-09-20 14:13:15.747986,0.489,63.9,1753.5
2026-09-20 14:13:16.747986,0.703,62.91,1740.0
2026-09-20 14:13:17.747986,0.584,61.32,1749.0
2026-09-20 14:13:18.747986,0.414,62.0,1732.2
2026-09-20 14:13:19.747986,0.635,65.75,1749.2
2026-09-20 14:13:20.747986,0.409,67.14,1741.7
2026-09-20 14:13:21.747986,0.772,63.09,1759.2
2026-09-20 14:13:22.747986,0.521,67.92,1744.5
2026-09-20 14:13:23.747986,0.607,65.63,1748.8
2026-09-20 14:13:24.747986,0.749,65.81,1743.6
2026-09-20 14:13:25.747986,0.594,70.26,1767.4
2026-09-20 14:13:26.747986,0.533,68.86,1746.8
2026-09-20 14:13:27.747986,0.669,66.24,1768.3
2026-09-20 14:13:28.747986,0.718,65.62,1758.1
2026-09-20 14:13:29.747986,0.562,61.48,1754.8
2026-09-20 14:13:30.747986,0.475,65.01,1753.7
2026-09-20 14:13:31.747986,0.685,66.02,1753.9
2026-09-20 14:13:32.747986,0.847,65.3,1730.7
2026-09-20 14:13:33.747986,0.845,66.22,1747.2
2026-09-20 14:13:34.747986,0.788,67.64,1758.5
2026-09-20 14:13:35.747986,0.85,67.45,1749.5
2026-09-20 14:13:36.747986,0.886,66.36,1735.9
2026-09-20 14:13:37.747986,0.592,67.89,1749.5
2026-09-20 14:13:38.747986,0.848,67.9,1767.0
2026-09-20 14:13:39.747986,0.925,65.01,1762.5
2026-09-20 14:13:40.747986,0.858,71.16,1749.4
2026-09-20 14:13:41.747986,0.78,68.01,1759.5
2026-09-20 14:13:42.747986,0.854,67.93,1746.3
2026-09-20 14:13:43.747986,0.561,69.22,1733.0
2026-09-20 14:13:44.747986,0.778,67.57,1740.8
2026-09-20 14:13:45.747986,0.897,69.59,1765.6
2026-09-20 14:13:46.747986,0.778,69.85,1747.3
2026-09-20 14:13:47.747986,0.931,66.55,1747.6
2026-09-20 14:13:48.747986,0.996,69.34,1747.0
2026-09-20 14:13:49.747986,0.996,66.83,1769.0
2026-09-20 14:13:50.747986,0.932,68.31,1766.3
2026-09-20 14:13:51.747986,0.93,68.84,1772.2
2026-09-20 14:13:52.747986,0.959,68.97,1748.4
2026-09-20 14:13:53.747986,1.061,68.77,1753.0
2026-09-20 14:13:54.747986,1.065,66.79,1734.8
2026-09-20 14:13:55.747986,0.913,67.29,1764.8
2026-09-20 14:13:56.747986,1.082,70.04,1738.3
2026-09-20 14:13:57.747986,1.133,69.66,1752.2
2026-09-20 14:13:58.747986,0.885,67.85,1739.0
2026-09-20 14:13:59.747986,1.208,72.38,1744.1
2026-09-20 14:14:00.747986,1.18,67.62,1741.6
2026-09-20 14:14:01.747986,1.114,71.88,1743.9
2026-09-20 14:14:02.747986,1.209,69.85,1744.6
2026-09-20 14:14:03.747986,0.96,69.03,1744.5
2026-09-20 14:14:04.747986,1.042,73.83,1758.3
2026-09-20 14:14:05.747986,1.093,68.16,1739.0
2026-09-20 14:14:06.747986,1.147,72.69,1752.2
2026-09-20 14:14:07.747986,1.423,72.61,1762.2
2026-09-20 14:14:08.747986,1.077,69.26,1744.9
2026-09-20 14:14:09.747986,1.106,72.97,1742.8
2026-09-20 14:14:10.747986,1.26,69.87,1747.7
2026-09-20 14:14:11.747986,1.081,72.0,1761.8
2026-09-20 14:14:12.747986,1.233,72.17,1751.9
2026-09-20 14:14:13.747986,1.296,70.64,1744.7
2026-09-20 14:14:14.747986,1.157,72.78,1754.8
2026-09-20 14:14:15.747986,1.347,72.37,1739.0
2026-09-20 14:14:16.747986,1.328,68.42,1756.8
2026-09-20 14:14:17.747986,1.122,74.37,1754.1
2026-09-20 14:14:18.747986,1.329,69.18,1746.9
2026-09-20 14:14:19.747986,1.519,73.26,1741.6
2026-09-20 14:14:20.747986,1.36,73.8,1741.1
2026-09-20 14:14:21.747986,1.41,69.77,1755.3
2026-09-20 14:14:22.747986,1.537,71.44,1762.3
2026-09-20 14:14:23.747986,1.244,69.72,1743.6
2026-09-20 14:14:24.747986,1.522,71.27,1754.6
2026-09-20 14:14:25.747986,1.356,72.06,1729.1
2026-09-20 14:14:26.747986,1.544,74.26,1744.2
2026-09-20 14:14:27.747986,1.355,74.6,1749.7
2026-09-20 14:14:28.747986,1.714,76.01,1740.9
2026-09-20 14:14:29.747986,1.506,72.1,1740.6
2026-09-20 14:14:30.747986,1.534,72.39,1743.3
2026-09-20 14:14:31.747986,1.502,69.51,1752.9
2026-09-20 14:14:32.747986,1.527,71.6,1748.1
2026-09-20 14:14:33.747986,1.751,74.54,1727.6
2026-09-20 14:14:34.747986,1.505,76.39,1728.8
2026-09-20 14:14:35.747986,1.309,69.7,1743.9
2026-09-20 14:14:36.747986,1.483,72.6,1754.6
2026-09-20 14:14:37.747986,1.571,72.61,1722.5
2026-09-20 14:14:38.747986,1.691,74.85,1745.0
2026-09-20 14:14:39.747986,1.604,71.86,1744.7
2026-09-20 14:14:40.747986,1.697,74.49,1763.9
2026-09-20 14:14:41.747986,1.44,72.58,1746.1
2026-09-20 14:14:42.747986,1.688,73.77,1753.8
2026-09-20 14:14:43.747986,1.49,75.85,1751.4
2026-09-20 14:14:44.747986,1.745,72.91,1728.7
2026-09-20 14:14:45.747986,1.7,74.01,1757.7
2026-09-20 14:14:46.747986,1.769,74.3,1752.2
2026-09-20 14:14:47.747986,1.664,73.67,1755.1
2026-09-20 14:14:48.747986,1.854,73.27,1789.3
2026-09-20 14:14:49.747986,1.802,74.97,1729.2
2026-09-20 14:14:50.747986,1.784,77.47,1767.2
2026-09-20 14:14:51.747986,1.779,75.39,1747.1
2026-09-20 14:14:52.747986,1.761,74.93,1752.9
2026-09-20 14:14:53.747986,1.704,76.61,1749.5
2026-09-20 14:14:54.747986,1.835,74.01,1745.8
2026-09-20 14:14:55.747986,1.948,77.71,1744.3
2026-09-20 14:14:56.747986,1.965,75.58,1753.3
2026-09-20 14:14:57.747986,1.743,75.79,1734.8
2026-09-20 14:14:58.747986,1.858,76.98,1757.5
2026-09-20 14:14:59.747986,1.634,72.78,1745.8
2026-09-20 14:15:00.747986,1.939,73.68,1738.7
2026-09-20 14:15:01.747986,1.934,74.35,1745.5
2026-09-20 14:15:02.747986,1.791,76.24,1762.6
2026-09-20 14:15:03.747986,1.75,78.93,1744.6
2026-09-20 14:15:04.747986,1.877,80.84,1753.6
2026-09-20 14:15:05.747986,1.889,78.58,1742.7
2026-09-20 14:15:06.747986,1.878,76.85,1757.6
2026-09-20 14:15:07.747986,1.966,72.67,1756.9
2026-09-20 14:15:08.747986,1.984,75.68,1768.5
2026-09-20 14:15:09.747986,1.968,75.06,1748.2
2026-09-20 14:15:10.747986,1.904,75.03,1756.7
2026-09-20 14:15:11.747986,2.065,77.08,1751.0
2026-09-20 14:15:12.747986,2.17,77.18,1763.0
2026-09-20 14:15:13.747986,2.013,73.2,1742.8
2026-09-20 14:15:14.747986,1.908,78.2,1757.5
2026-09-20 14:15:15.747986,2.088,74.34,1748.1
2026-09-20 14:15:16.747986,1.974,77.97,1749.4
2026-09-20 14:15:17.747986,2.104,82.16,1750.9
2026-09-20 14:15:18.747986,2.068,75.96,1752.5
2026-09-20 14:15:19.747986,1.864,72.6,1748.8
2026-09-20 14:15:20.747986,2.246,76.9,1752.1
2026-09-20 14:15:21.747986,2.194,79.52,1765.8
2026-09-20 14:15:22.747986,2.076,82.3,1759.9
2026-09-20 14:15:23.747986,2.096,76.06,1758.7
2026-09-20 14:15:24.747986,2.236,78.39,1745.4
2026-09-20 14:15:25.747986,1.913,78.13,1741.1
2026-09-20 14:15:26.747986,2.21,78.44,1759.6
2026-09-20 14:15:27.747986,2.21,84.46,1758.8
2026-09-20 14:15:28.747986,2.215,74.89,1764.7
2026-09-20 14:15:29.747986,2.253,78.49,1744.0
2026-09-20 14:15:30.747986,2.154,79.63,1747.7
2026-09-20 14:15:31.747986,2.293,81.29,1733.6
2026-09-20 14:15:32.747986,2.191,80.06,1746.1
2026-09-20 14:15:33.747986,2.279,80.04,1760.0
2026-09-20 14:15:34.747986,2.102,78.27,1745.3
2026-09-20 14:15:35.747986,2.307,79.3,1756.4
2026-09-20 14:15:36.747986,2.231,79.3,1748.1
2026-09-20 14:15:37.747986,2.445,80.23,1753.2
2026-09-20 14:15:38.747986,2.315,79.65,1738.5
2026-09-20 14:15:39.747986,2.187,80.29,1750.9
2026-09-20 14:15:40.747986,2.241,80.51,1720.1
2026-09-20 14:15:41.747986,2.346,82.47,1748.1
2026-09-20 14:15:42.747986,2.294,79.8,1733.7
2026-09-20 14:15:43.747986,2.457,76.27,1762.1
2026-09-20 14:15:44.747986,2.378,82.53,1757.8
2026-09-20 14:15:45.747986,2.056,78.68,1754.7
2026-09-20 14:15:46.747986,2.457,79.11,1765.2
2026-09-20 14:15:47.747986,2.327,78.99,1740.5
2026-09-20 14:15:48.747986,2.34,83.24,1767.5
2026-09-20 14:15:49.747986,2.353,76.45,1759.3
2026-09-20 14:15:50.747986,2.506,85.99,1747.6
2026-09-20 14:15:51.747986,2.646,83.22,1761.4
2026-09-20 14:15:52.747986,2.551,80.94,1738.9
2026-09-20 14:15:53.747986,2.482,80.39,1741.8
2026-09-20 14:15:54.747986,2.635,80.91,1743.9
2026-09-20 14:15:55.747986,2.499,81.43,1744.7
2026-09-20 14:15:56.747986,2.514,81.99,1739.4
2026-09-20 14:15:57.747986,2.44,82.24,1762.2
2026-09-20 14:15:58.747986,2.47,82.74,1747.4
2026-09-20 14:15:59.747986,2.513,81.03,1753.5
2026-09-20 14:16:00.747986,2.704,81.57,1744.3
2026-09-20 14:16:01.747986,2.599,81.69,1731.8
2026-09-20 14:16:02.747986,2.51,84.32,1752.7
2026-09-20 14:16:03.747986,2.548,83.23,1730.9
2026-09-20 14:16:04.747986,2.675,75.71,1749.3
2026-09-20 14:16:05.747986,2.571,84.32,1736.3
2026-09-20 14:16:06.747986,2.718,83.68,1769.9
2026-09-20 14:16:07.747986,2.563,81.61,1759.1
2026-09-20 14:16:08.747986,2.529,81.3,1751.1
2026-09-20 14:16:09.747986,2.542,84.8,1762.6
2026-09-20 14:16:10.747986,2.552,84.2,1741.5
2026-09-20 14:16:11.747986,2.755,81.6,1755.4
2026-09-20 14:16:12.747986,2.838,83.44,1752.0
2026-09-20 14:16:13.747986,2.898,82.23,1752.6
2026-09-20 14:16:14.747986,2.847,81.03,1762.7
2026-09-20 14:16:15.747986,2.628,82.14,1757.3
2026-09-20 14:16:16.747986,2.764,85.63,1752.9
2026-09-20 14:16:17.747986,2.733,85.95,1733.5
2026-09-20 14:16:18.747986,2.899,84.34,1740.4
2026-09-20 14:16:19.747986,2.792,84.74,1748.8
2026-09-20 14:16:20.747986,2.982,84.87,1750.9
2026-09-20 14:16:21.747986,2.94,83.04,1738.7
2026-09-20 14:16:22.747986,3.059,84.93,1774.1
2026-09-20 14:16:23.747986,2.856,84.91,1765.2
2026-09-20 14:16:24.747986,2.869,85.3,1756.0
2026-09-20 14:16:25.747986,3.128,86.64,1750.7
2026-09-20 14:16:26.747986,2.829,85.78,1747.9
2026-09-20 14:16:27.747986,2.734,86.19,1740.5
2026-09-20 14:16:28.747986,2.748,86.05,1750.8
2026-09-20 14:16:29.747986,3.123,84.9,1752.6
2026-09-20 14:16:30.747986,2.819,83.78,1737.6
2026-09-20 14:16:31.747986,2.922,85.71,1753.3
2026-09-20 14:16:32.747986,3.072,83.31,1748.4
